||1|
Akanon|Akanon|1|Akanon
Cabilis|Cabilis|1|Cabilis
Erudin|Erudin|1|Erudin
Felwithe|Felwithe|1|Felwithe
Freeport|Freeport|1|Freeport
Grobb|Grobb|1|Grobb
Halas|Halas|1|Halas
Kaladim|Kaladim|1|Kaladim
Kelethin|Kelethin|1|Kelethin
Neriak|Neriak|1|Neriak
Oggok|Oggok|1|Oggok
Paineel|Paineel|1|Paineel
Qeynos|Qeynos|1|Qeynos
Rivervale|Rivervale|1|Rivervale
Shar Vah|Shar Vah|1|Shar Vah