||1|
Barbarian|Barbarian|1|Barbarian
Dark Elf|Dark Elf|1|Dark Elf
Dwarf|Dwarf|1|Dwarf
Erudite|Erudite|1|Erudite
Froglik|Froglik|1|Froglik
Gnome|Gnome|1|Gnome
Half Elf|Half Elf|1|Half Elf
Halfling|Halfling|1|Halfling
High Elf|High Elf|1|High Elf
Human|Human|1|Human
Iksar|Iksar|1|Iksar
Kerra|Kerra|1|Kerra
Ogre|Ogre|1|Ogre
Ratonga|Ratonga|1|Ratonga
Troll|Troll|1|Troll
Wood Elf|Wood Elf|1|Wood Elf